Item ,Price- US and Canada,Price- Cambodia
Portrait,"1,200","1,200"
Myeongdong,420,420
Nowon-Gu,1200,1200
Nami Island,1200,1200
Dobongsan,1800,1800
Namhansanseong,Sold,Sold
Jeju 24,8000,8000
Jeju 24 EP i,310,310
Jeju 24 EP ii,190,190
Jeju 25,1200,1200
Phnom Aoral,4400,4400
Phnom Aoral EP,190,190
Russian Market 25,1800,1800
Russian Market 25 EP,90,90
Daun Penh,1400,1400
Daun Penh EP,1200,1200
Independence Monument,1400,1400
Independence Monument EP,Sold,Sold
Koh Rong,1400,1400
Koh Rong EP i,210,210
Koh Rong EP ii,190,190
Russian Market 26,1500,1500
Russian Market 26 EP ,190,190
Battambang,1500,1500
Battambang EP ,120,120
Phnom Penh 2026,2800,2800
Rocky mountain,190,190
Bangkok,420,420
Golden Ganesha,1200,1200
Odaesan,sold,sold
Banchan,sold,sold
Tees,30,25
Totes Standard,20,15
Totes large,30,20
A4 ,18,12
A3,30,20
A2,45,30
A6 post cards,4,3